{
  "up_auc": 0.3825757575757576,
  "up_mae": 0.026353934444546926,
  "up_rmse": 0.030452265761705587,
  "down_auc": 0.3742424242424242,
  "down_mae": 0.04712947866158843,
  "down_rmse": 0.06064417582089947,
  "n_samples": 368,
  "n_train": 294,
  "n_test": 74
}