{
  "up_auc": 0.4910518626734843,
  "up_mae": 0.02289775392841852,
  "up_rmse": 0.028716266519726558,
  "down_auc": 0.5103383458646616,
  "down_mae": 0.062179516832376526,
  "down_rmse": 0.07429324025847055,
  "n_samples": 553,
  "n_train": 442,
  "n_test": 111
}