{
  "up_auc": 0.5915637860082305,
  "up_mae": 0.03921051928655084,
  "up_rmse": 0.04732986815068263,
  "down_auc": 0.5936213991769548,
  "down_mae": 0.028792457303010142,
  "down_rmse": 0.03470380824940038,
  "n_samples": 225,
  "n_train": 180,
  "n_test": 45
}