{
  "up_auc": 0.5320463672873311,
  "up_mae": 0.01619025610955467,
  "up_rmse": 0.02029248333981736,
  "down_auc": 0.5558515020045033,
  "down_mae": 0.025652151373415255,
  "down_rmse": 0.030226881192795093,
  "n_samples": 3395,
  "n_train": 2716,
  "n_test": 679
}