{
  "up_auc": 0.5790523795522325,
  "up_mae": 0.013468749216939533,
  "up_rmse": 0.017104183862274316,
  "down_auc": 0.5736128029571135,
  "down_mae": 0.01843049486041334,
  "down_rmse": 0.022982459153256866,
  "n_samples": 1559,
  "n_train": 1247,
  "n_test": 312
}