{
  "up_auc": 0.5710065754643874,
  "up_mae": 0.016244343931753967,
  "up_rmse": 0.021072491252379245,
  "down_auc": 0.546338993194356,
  "down_mae": 0.02092872972035083,
  "down_rmse": 0.027643873335049557,
  "n_samples": 3669,
  "n_train": 2935,
  "n_test": 734
}