{
  "up_auc": 0.4417953972257251,
  "up_mae": 0.01827070434837582,
  "up_rmse": 0.022038255028991153,
  "down_auc": 0.48825662042875156,
  "down_mae": 0.025366226200801638,
  "down_rmse": 0.031620040110180776,
  "n_samples": 1130,
  "n_train": 904,
  "n_test": 226
}